{
  "Name": "Flip Flop",
  "Colour": "#9F9963",
  "InputPins": [
    {
      "Name": "Pin",
      "ID": 1286436906,
      "PositionY": 2.69444466,
      "ColourThemeName": "Red"
    },
    {
      "Name": "Pin",
      "ID": 996337410,
      "PositionY": 0.7222223,
      "ColourThemeName": "Red"
    }
  ],
  "OutputPins": [
    {
      "Name": "Pin",
      "ID": 579857679,
      "PositionY": 1.79629624,
      "ColourThemeName": "Red"
    }
  ],
  "SubChips": [
    {
      "Name": "NAND",
      "ID": 1124619673,
      "Points": [
        {
          "X": 1.99074113,
          "Y": 1.07407391
        }
      ],
      "Data": null
    },
    {
      "Name": "NOT",
      "ID": 1730242699,
      "Points": [
        {
          "X": -5.87962961,
          "Y": 0.4537034
        }
      ],
      "Data": null
    },
    {
      "Name": "NAND",
      "ID": 726686228,
      "Points": [
        {
          "X": -3.3981483,
          "Y": 0.8055556
        }
      ],
      "Data": null
    },
    {
      "Name": "NAND",
      "ID": 353731101,
      "Points": [
        {
          "X": -3.43518543,
          "Y": 2.80555534
        }
      ],
      "Data": null
    },
    {
      "Name": "NAND",
      "ID": 183982234,
      "Points": [
        {
          "X": 4.777778,
          "Y": 1.1388886
        }
      ],
      "Data": null
    }
  ],
  "Connections": [
    {
      "Source": {
        "PinType": 1,
        "SubChipID": 0,
        "PinID": 996337410
      },
      "Target": {
        "PinType": 3,
        "SubChipID": 726686228,
        "PinID": 1582159065
      },
      "WirePoints": [
        {
          "X": -7.837778,
          "Y": 0.7222223
        },
        {
          "X": -7.00813055,
          "Y": 0.71478
        },
        {
          "X": -4.043148,
          "Y": 0.9255556
        }
      ],
      "ColourThemeName": "Red"
    },
    {
      "Source": {
        "PinType": 1,
        "SubChipID": 0,
        "PinID": 1286436906
      },
      "Target": {
        "PinType": 3,
        "SubChipID": 353731101,
        "PinID": 1582159065
      },
      "WirePoints": [
        {
          "X": -7.837778,
          "Y": 2.69444466
        },
        {
          "X": -4.08018541,
          "Y": 2.92555523
        }
      ],
      "ColourThemeName": "Red"
    },
    {
      "Source": {
        "PinType": 4,
        "SubChipID": 726686228,
        "PinID": 1086669286
      },
      "Target": {
        "PinType": 3,
        "SubChipID": 1124619673,
        "PinID": 1582159065
      },
      "WirePoints": [
        {
          "X": -2.75314832,
          "Y": 0.8055556
        },
        {
          "X": 1.34574115,
          "Y": 1.19407392
        }
      ],
      "ColourThemeName": "Red"
    },
    {
      "Source": {
        "PinType": 4,
        "SubChipID": 1124619673,
        "PinID": 1086669286
      },
      "Target": {
        "PinType": 3,
        "SubChipID": 183982234,
        "PinID": 2062660980
      },
      "WirePoints": [
        {
          "X": 2.63574123,
          "Y": 1.07407391
        },
        {
          "X": 4.132778,
          "Y": 1.01888859
        }
      ],
      "ColourThemeName": "Red"
    },
    {
      "Source": {
        "PinType": 4,
        "SubChipID": 183982234,
        "PinID": 1086669286
      },
      "Target": {
        "PinType": 3,
        "SubChipID": 1124619673,
        "PinID": 2062660980
      },
      "WirePoints": [
        {
          "X": 5.422778,
          "Y": 1.1388886
        },
        {
          "X": 6.47222233,
          "Y": 1.12962961
        },
        {
          "X": 6.42592669,
          "Y": -0.5833334
        },
        {
          "X": 1.027778,
          "Y": -0.5740741
        },
        {
          "X": 0.999999642,
          "Y": 0.9537035
        },
        {
          "X": 1.34574115,
          "Y": 0.9540739
        }
      ],
      "ColourThemeName": "Red"
    },
    {
      "Source": {
        "PinType": 4,
        "SubChipID": 353731101,
        "PinID": 1086669286
      },
      "Target": {
        "PinType": 3,
        "SubChipID": 183982234,
        "PinID": 1582159065
      },
      "WirePoints": [
        {
          "X": -2.79018545,
          "Y": 2.80555534
        },
        {
          "X": 3.37963,
          "Y": 2.80555534
        },
        {
          "X": 3.40740752,
          "Y": 1.40740752
        },
        {
          "X": 4.132778,
          "Y": 1.2588886
        }
      ],
      "ColourThemeName": "Red"
    },
    {
      "Source": {
        "PinType": 4,
        "SubChipID": 183982234,
        "PinID": 1086669286
      },
      "Target": {
        "PinType": 2,
        "SubChipID": 0,
        "PinID": 579857679
      },
      "WirePoints": [
        {
          "X": 5.422778,
          "Y": 1.1388886
        },
        {
          "X": 7.837778,
          "Y": 1.79629624
        }
      ],
      "ColourThemeName": "Red"
    },
    {
      "Source": {
        "PinType": 1,
        "SubChipID": 0,
        "PinID": 1286436906
      },
      "Target": {
        "PinType": 3,
        "SubChipID": 1730242699,
        "PinID": 0
      },
      "WirePoints": [
        {
          "X": -7.837778,
          "Y": 2.69444466
        },
        {
          "X": -7.7592597,
          "Y": 0.3333336
        },
        {
          "X": -6.42963,
          "Y": 0.4537034
        }
      ],
      "ColourThemeName": "Red"
    },
    {
      "Source": {
        "PinType": 4,
        "SubChipID": 1730242699,
        "PinID": 1
      },
      "Target": {
        "PinType": 3,
        "SubChipID": 726686228,
        "PinID": 2062660980
      },
      "WirePoints": [
        {
          "X": -5.32962942,
          "Y": 0.4537034
        },
        {
          "X": -4.043148,
          "Y": 0.6855556
        }
      ],
      "ColourThemeName": "Red"
    },
    {
      "Source": {
        "PinType": 1,
        "SubChipID": 0,
        "PinID": 996337410
      },
      "Target": {
        "PinType": 3,
        "SubChipID": 353731101,
        "PinID": 2062660980
      },
      "WirePoints": [
        {
          "X": -7.837778,
          "Y": 0.7222223
        },
        {
          "X": -4.08018541,
          "Y": 2.68555546
        }
      ],
      "ColourThemeName": "Red"
    }
  ]
}