{
  "Name": "NAND",
  "Colour": "#48BB49",
  "InputPins": [
    {
      "Name": "Pin",
      "ID": 1582159065,
      "PositionY": 1.78703666,
      "ColourThemeName": "Red"
    },
    {
      "Name": "Pin",
      "ID": 2062660980,
      "PositionY": 0.92592597,
      "ColourThemeName": "Red"
    }
  ],
  "OutputPins": [
    {
      "Name": "Pin",
      "ID": 1086669286,
      "PositionY": 0.9537035,
      "ColourThemeName": "Red"
    }
  ],
  "SubChips": [
    {
      "Name": "AND",
      "ID": 322590306,
      "Points": [
        {
          "X": -5.22222233,
          "Y": 0.9722221
        }
      ],
      "Data": null
    },
    {
      "Name": "NOT",
      "ID": 115677057,
      "Points": [
        {
          "X": -2.43518519,
          "Y": 0.92592597
        }
      ],
      "Data": null
    }
  ],
  "Connections": [
    {
      "Source": {
        "PinType": 1,
        "SubChipID": 0,
        "PinID": 2062660980
      },
      "Target": {
        "PinType": 3,
        "SubChipID": 322590306,
        "PinID": 1
      },
      "WirePoints": [
        {
          "X": -7.837778,
          "Y": 0.92592597
        },
        {
          "X": -5.77222252,
          "Y": 0.8522221
        }
      ],
      "ColourThemeName": "Red"
    },
    {
      "Source": {
        "PinType": 1,
        "SubChipID": 0,
        "PinID": 1582159065
      },
      "Target": {
        "PinType": 3,
        "SubChipID": 322590306,
        "PinID": 0
      },
      "WirePoints": [
        {
          "X": -7.837778,
          "Y": 1.78703666
        },
        {
          "X": -5.77222252,
          "Y": 1.09222209
        }
      ],
      "ColourThemeName": "Red"
    },
    {
      "Source": {
        "PinType": 4,
        "SubChipID": 322590306,
        "PinID": 2
      },
      "Target": {
        "PinType": 3,
        "SubChipID": 115677057,
        "PinID": 0
      },
      "WirePoints": [
        {
          "X": -4.672222,
          "Y": 0.9722221
        },
        {
          "X": -2.98518515,
          "Y": 0.92592597
        }
      ],
      "ColourThemeName": "Red"
    },
    {
      "Source": {
        "PinType": 4,
        "SubChipID": 115677057,
        "PinID": 1
      },
      "Target": {
        "PinType": 2,
        "SubChipID": 0,
        "PinID": 1086669286
      },
      "WirePoints": [
        {
          "X": -1.88518524,
          "Y": 0.92592597
        },
        {
          "X": 7.837778,
          "Y": 0.9537035
        }
      ],
      "ColourThemeName": "Red"
    }
  ]
}