{
  "Name": "Register",
  "Colour": "#9DF963",
  "InputPins": [
    {
      "Name": "Pin",
      "ID": 726443596,
      "PositionY": -0.055556,
      "ColourThemeName": "Red"
    },
    {
      "Name": "Pin",
      "ID": 1264702574,
      "PositionY": 2.685185,
      "ColourThemeName": "Red"
    }
  ],
  "OutputPins": [
    {
      "Name": "Pin",
      "ID": 1502967128,
      "PositionY": 1.81481481,
      "ColourThemeName": "Red"
    }
  ],
  "SubChips": [
    {
      "Name": "Flip Flop",
      "ID": 765319967,
      "Points": [
        {
          "X": -4.57407427,
          "Y": 2.13888884
        }
      ],
      "Data": null
    },
    {
      "Name": "Flip Flop",
      "ID": 1044784921,
      "Points": [
        {
          "X": -2.638889,
          "Y": 2.12037039
        }
      ],
      "Data": null
    },
    {
      "Name": "NOT",
      "ID": 1434544087,
      "Points": [
        {
          "X": -6.14814854,
          "Y": 1.84259236
        }
      ],
      "Data": null
    }
  ],
  "Connections": [
    {
      "Source": {
        "PinType": 4,
        "SubChipID": 765319967,
        "PinID": 579857679
      },
      "Target": {
        "PinType": 3,
        "SubChipID": 1044784921,
        "PinID": 1286436906
      },
      "WirePoints": [
        {
          "X": -4.024074,
          "Y": 2.13888884
        },
        {
          "X": -3.188889,
          "Y": 2.29537034
        }
      ],
      "ColourThemeName": "Red"
    },
    {
      "Source": {
        "PinType": 1,
        "SubChipID": 0,
        "PinID": 1264702574
      },
      "Target": {
        "PinType": 3,
        "SubChipID": 765319967,
        "PinID": 1286436906
      },
      "WirePoints": [
        {
          "X": -7.837778,
          "Y": 2.685185
        },
        {
          "X": -5.12407446,
          "Y": 2.31388879
        }
      ],
      "ColourThemeName": "Red"
    },
    {
      "Source": {
        "PinType": 4,
        "SubChipID": 1434544087,
        "PinID": 1
      },
      "Target": {
        "PinType": 3,
        "SubChipID": 765319967,
        "PinID": 996337410
      },
      "WirePoints": [
        {
          "X": -5.59814835,
          "Y": 1.84259236
        },
        {
          "X": -5.12407446,
          "Y": 1.96388888
        }
      ],
      "ColourThemeName": "Red"
    },
    {
      "Source": {
        "PinType": 1,
        "SubChipID": 0,
        "PinID": 726443596
      },
      "Target": {
        "PinType": 3,
        "SubChipID": 1044784921,
        "PinID": 996337410
      },
      "WirePoints": [
        {
          "X": -7.837778,
          "Y": -0.055556
        },
        {
          "X": -3.33333349,
          "Y": -0.0555557
        },
        {
          "X": -3.38888931,
          "Y": 1.96296275
        },
        {
          "X": -3.188889,
          "Y": 1.94537044
        }
      ],
      "ColourThemeName": "Red"
    },
    {
      "Source": {
        "PinType": 1,
        "SubChipID": 0,
        "PinID": 726443596
      },
      "Target": {
        "PinType": 3,
        "SubChipID": 1434544087,
        "PinID": 0
      },
      "WirePoints": [
        {
          "X": -7.837778,
          "Y": -0.055556
        },
        {
          "X": -6.777778,
          "Y": -0.05555593
        },
        {
          "X": -6.69814873,
          "Y": 1.84259236
        }
      ],
      "ColourThemeName": "Red"
    },
    {
      "Source": {
        "PinType": 4,
        "SubChipID": 1044784921,
        "PinID": 579857679
      },
      "Target": {
        "PinType": 2,
        "SubChipID": 0,
        "PinID": 1502967128
      },
      "WirePoints": [
        {
          "X": -2.08888912,
          "Y": 2.12037039
        },
        {
          "X": 7.837778,
          "Y": 1.81481481
        }
      ],
      "ColourThemeName": "Red"
    }
  ]
}