{
  "Name": "Register 4b",
  "Colour": "#18A5BC",
  "InputPins": [
    {
      "Name": "Pin",
      "ID": 61673388,
      "PositionY": 2.1018517,
      "ColourThemeName": "Red"
    },
    {
      "Name": "Pin",
      "ID": 1357231581,
      "PositionY": 1.02777779,
      "ColourThemeName": "Red"
    },
    {
      "Name": "Pin",
      "ID": 1723441862,
      "PositionY": -0.09259254,
      "ColourThemeName": "Red"
    },
    {
      "Name": "Pin",
      "ID": 2147145255,
      "PositionY": -1.13888884,
      "ColourThemeName": "Red"
    },
    {
      "Name": "Pin",
      "ID": 1817805416,
      "PositionY": -2.222222,
      "ColourThemeName": "Red"
    }
  ],
  "OutputPins": [
    {
      "Name": "Pin",
      "ID": 1165274930,
      "PositionY": 1.7592591,
      "ColourThemeName": "Red"
    },
    {
      "Name": "Pin",
      "ID": 591794340,
      "PositionY": 0.7499999,
      "ColourThemeName": "Red"
    },
    {
      "Name": "Pin",
      "ID": 661725009,
      "PositionY": -0.06481469,
      "ColourThemeName": "Red"
    },
    {
      "Name": "Pin",
      "ID": 959746386,
      "PositionY": -0.888888836,
      "ColourThemeName": "Red"
    }
  ],
  "SubChips": [
    {
      "Name": "Register",
      "ID": 1362915255,
      "Points": [
        {
          "X": -4.70370436,
          "Y": 2.175926
        }
      ],
      "Data": null
    },
    {
      "Name": "Register",
      "ID": 356584141,
      "Points": [
        {
          "X": -4.638889,
          "Y": 1.12963021
        }
      ],
      "Data": null
    },
    {
      "Name": "Register",
      "ID": 305758920,
      "Points": [
        {
          "X": -4.64814854,
          "Y": 0.0370371342
        }
      ],
      "Data": null
    },
    {
      "Name": "Register",
      "ID": 1686545242,
      "Points": [
        {
          "X": -4.601852,
          "Y": -1.00925922
        }
      ],
      "Data": null
    }
  ],
  "Connections": [
    {
      "Source": {
        "PinType": 1,
        "SubChipID": 0,
        "PinID": 61673388
      },
      "Target": {
        "PinType": 3,
        "SubChipID": 1362915255,
        "PinID": 1264702574
      },
      "WirePoints": [
        {
          "X": -7.837778,
          "Y": 2.1018517
        },
        {
          "X": -5.55370426,
          "Y": 2.29592586
        }
      ],
      "ColourThemeName": "Red"
    },
    {
      "Source": {
        "PinType": 1,
        "SubChipID": 0,
        "PinID": 1357231581
      },
      "Target": {
        "PinType": 3,
        "SubChipID": 356584141,
        "PinID": 1264702574
      },
      "WirePoints": [
        {
          "X": -7.837778,
          "Y": 1.02777779
        },
        {
          "X": -5.48888874,
          "Y": 1.24963021
        }
      ],
      "ColourThemeName": "Red"
    },
    {
      "Source": {
        "PinType": 1,
        "SubChipID": 0,
        "PinID": 1723441862
      },
      "Target": {
        "PinType": 3,
        "SubChipID": 305758920,
        "PinID": 1264702574
      },
      "WirePoints": [
        {
          "X": -7.837778,
          "Y": -0.09259254
        },
        {
          "X": -5.49814844,
          "Y": 0.157037139
        }
      ],
      "ColourThemeName": "Red"
    },
    {
      "Source": {
        "PinType": 1,
        "SubChipID": 0,
        "PinID": 2147145255
      },
      "Target": {
        "PinType": 3,
        "SubChipID": 1686545242,
        "PinID": 1264702574
      },
      "WirePoints": [
        {
          "X": -7.837778,
          "Y": -1.13888884
        },
        {
          "X": -5.451852,
          "Y": -0.8892592
        }
      ],
      "ColourThemeName": "Red"
    },
    {
      "Source": {
        "PinType": 1,
        "SubChipID": 0,
        "PinID": 1817805416
      },
      "Target": {
        "PinType": 3,
        "SubChipID": 1686545242,
        "PinID": 726443596
      },
      "WirePoints": [
        {
          "X": -7.837778,
          "Y": -2.222222
        },
        {
          "X": -6.63888931,
          "Y": -2.16666675
        },
        {
          "X": -6.675926,
          "Y": -1.35185182
        },
        {
          "X": -5.451852,
          "Y": -1.12925923
        }
      ],
      "ColourThemeName": "Red"
    },
    {
      "Source": {
        "PinType": 1,
        "SubChipID": 0,
        "PinID": 1817805416
      },
      "Target": {
        "PinType": 3,
        "SubChipID": 305758920,
        "PinID": 726443596
      },
      "WirePoints": [
        {
          "X": -7.837778,
          "Y": -2.222222
        },
        {
          "X": -6.63888931,
          "Y": -2.16666675
        },
        {
          "X": -6.675926,
          "Y": -1.35185182
        },
        {
          "X": -6.55260563,
          "Y": -1.32942653
        },
        {
          "X": -6.555556,
          "Y": -0.129629672
        },
        {
          "X": -5.49814844,
          "Y": -0.08296286
        }
      ],
      "ColourThemeName": "Red"
    },
    {
      "Source": {
        "PinType": 1,
        "SubChipID": 0,
        "PinID": 1817805416
      },
      "Target": {
        "PinType": 3,
        "SubChipID": 356584141,
        "PinID": 726443596
      },
      "WirePoints": [
        {
          "X": -7.837778,
          "Y": -2.222222
        },
        {
          "X": -6.63888931,
          "Y": -2.16666675
        },
        {
          "X": -6.675926,
          "Y": -1.35185182
        },
        {
          "X": -6.55260563,
          "Y": -1.32942653
        },
        {
          "X": -6.555556,
          "Y": -0.129629672
        },
        {
          "X": -6.393364,
          "Y": -0.122471631
        },
        {
          "X": -6.416667,
          "Y": 1.02777779
        },
        {
          "X": -5.48888874,
          "Y": 1.0096302
        }
      ],
      "ColourThemeName": "Red"
    },
    {
      "Source": {
        "PinType": 1,
        "SubChipID": 0,
        "PinID": 1817805416
      },
      "Target": {
        "PinType": 3,
        "SubChipID": 1362915255,
        "PinID": 726443596
      },
      "WirePoints": [
        {
          "X": -7.837778,
          "Y": -2.222222
        },
        {
          "X": -6.63888931,
          "Y": -2.16666675
        },
        {
          "X": -6.675926,
          "Y": -1.35185182
        },
        {
          "X": -6.55260563,
          "Y": -1.32942653
        },
        {
          "X": -6.555556,
          "Y": -0.129629672
        },
        {
          "X": -6.393364,
          "Y": -0.122471631
        },
        {
          "X": -6.416667,
          "Y": 1.02777779
        },
        {
          "X": -6.243551,
          "Y": 1.02439165
        },
        {
          "X": -6.24074125,
          "Y": 2.04629612
        },
        {
          "X": -5.55370426,
          "Y": 2.055926
        }
      ],
      "ColourThemeName": "Red"
    },
    {
      "Source": {
        "PinType": 4,
        "SubChipID": 1686545242,
        "PinID": 1502967128
      },
      "Target": {
        "PinType": 2,
        "SubChipID": 0,
        "PinID": 959746386
      },
      "WirePoints": [
        {
          "X": -3.751852,
          "Y": -1.00925922
        },
        {
          "X": 7.837778,
          "Y": -0.888888836
        }
      ],
      "ColourThemeName": "Red"
    },
    {
      "Source": {
        "PinType": 4,
        "SubChipID": 305758920,
        "PinID": 1502967128
      },
      "Target": {
        "PinType": 2,
        "SubChipID": 0,
        "PinID": 661725009
      },
      "WirePoints": [
        {
          "X": -3.79814863,
          "Y": 0.0370371342
        },
        {
          "X": 7.837778,
          "Y": -0.06481469
        }
      ],
      "ColourThemeName": "Red"
    },
    {
      "Source": {
        "PinType": 4,
        "SubChipID": 356584141,
        "PinID": 1502967128
      },
      "Target": {
        "PinType": 2,
        "SubChipID": 0,
        "PinID": 591794340
      },
      "WirePoints": [
        {
          "X": -3.788889,
          "Y": 1.12963021
        },
        {
          "X": 7.837778,
          "Y": 0.7499999
        }
      ],
      "ColourThemeName": "Red"
    },
    {
      "Source": {
        "PinType": 4,
        "SubChipID": 1362915255,
        "PinID": 1502967128
      },
      "Target": {
        "PinType": 2,
        "SubChipID": 0,
        "PinID": 1165274930
      },
      "WirePoints": [
        {
          "X": -3.85370445,
          "Y": 2.175926
        },
        {
          "X": 7.837778,
          "Y": 1.7592591
        }
      ],
      "ColourThemeName": "Red"
    }
  ]
}